N,h,volume_numerical,volume_exact,abs_error,rel_error,observed_order
6,0.16666666666666666,0.17959438003021708,0.17959438003021644,6.38378239159465e-16,3.554555766455827e-15,missing
8,0.125,0.17959438003021638,0.17959438003021644,5.551115123125783e-17,3.0909180577876756e-16,8.489743606732993
12,0.08333333333333333,0.17959438003021808,0.17959438003021644,1.6375789613221059e-15,9.118208270473642e-15,-8.346933424522767
16,0.0625,0.17959438003024722,0.17959438003021644,3.0780933357732465e-14,1.713914063043266e-13,-10.197634209327969
24,0.041666666666666664,0.17959438003023367,0.17959438003021644,1.7236212457305555e-14,9.597300569430732e-14,1.4301672174025764
32,0.03125,0.17959438003041098,0.17959438003021644,1.9453882948994305e-13,1.083212233351691e-12,-8.42464465690011
